{"cameraMode":{"drawMode":0,"name":"Shaded","section":"Shading Mode"},"sceneLighting":false,"audioPlay":false,"sceneViewState":{"m_AlwaysRefresh":false,"showFog":true,"showSkybox":false,"showFlares":true,"showImageEffects":true,"showParticleSystems":true,"showVisualEffectGraphs":true,"m_FxEnabled":true},"in2DMode":false,"pivot":{"x":0.8268542289733887,"y":0.5419275760650635,"z":0.3550725281238556},"rotation":{"x":0.02248957008123398,"y":-0.7758170962333679,"z":0.030453404411673547,"w":0.6306207776069641},"size":0.09536387026309967,"orthographic":false}